filename,img_name,image_path
TA_tv_000000487774.jpg,000000487774.jpg,TA_images/TA_tv_000000487774.jpg
TA_fork_000000260486.jpg,000000260486.jpg,TA_images/TA_fork_000000260486.jpg
TA_toilet_000000221659.jpg,000000221659.jpg,TA_images/TA_toilet_000000221659.jpg
TA_cup_000000392753.jpg,000000392753.jpg,TA_images/TA_cup_000000392753.jpg
TA_bowl_000000498583.jpg,000000498583.jpg,TA_images/TA_bowl_000000498583.jpg
TA_cup_000000259422.jpg,000000259422.jpg,TA_images/TA_cup_000000259422.jpg
TA_oven_000000250210.jpg,000000250210.jpg,TA_images/TA_oven_000000250210.jpg
TA_mouse_000000144539.jpg,000000144539.jpg,TA_images/TA_mouse_000000144539.jpg
TA_tv_000000568982.jpg,000000568982.jpg,TA_images/TA_tv_000000568982.jpg
TA_toilet_000000138549.jpg,000000138549.jpg,TA_images/TA_toilet_000000138549.jpg
TA_potted plant_000000453722.jpg,000000453722.jpg,TA_images/TA_potted plant_000000453722.jpg
TA_mouse_000000387482.jpg,000000387482.jpg,TA_images/TA_mouse_000000387482.jpg
TA_cup_000000070626.jpg,000000070626.jpg,TA_images/TA_cup_000000070626.jpg
TA_keyboard_000000482970.jpg,000000482970.jpg,TA_images/TA_keyboard_000000482970.jpg
TA_sink_000000071914.jpg,000000071914.jpg,TA_images/TA_sink_000000071914.jpg
TA_potted plant_000000523212.jpg,000000523212.jpg,TA_images/TA_potted plant_000000523212.jpg
TA_chair_000000382030.jpg,000000382030.jpg,TA_images/TA_chair_000000382030.jpg
TA_chair_000000069015.jpg,000000069015.jpg,TA_images/TA_chair_000000069015.jpg
TA_fork_000000261175.jpg,000000261175.jpg,TA_images/TA_fork_000000261175.jpg
TA_bottle_000000525903.jpg,000000525903.jpg,TA_images/TA_bottle_000000525903.jpg
TA_microwave_000000260330.jpg,000000260330.jpg,TA_images/TA_microwave_000000260330.jpg
TA_laptop_000000211186.jpg,000000211186.jpg,TA_images/TA_laptop_000000211186.jpg
TA_knife_000000429679.jpg,000000429679.jpg,TA_images/TA_knife_000000429679.jpg
TA_tv_000000451284.jpg,000000451284.jpg,TA_images/TA_tv_000000451284.jpg
TA_bottle_000000429679.jpg,000000429679.jpg,TA_images/TA_bottle_000000429679.jpg
TA_oven_000000014038.jpg,000000014038.jpg,TA_images/TA_oven_000000014038.jpg
TA_cup_000000374162.jpg,000000374162.jpg,TA_images/TA_cup_000000374162.jpg
TA_tv_000000248559.jpg,000000248559.jpg,TA_images/TA_tv_000000248559.jpg
TA_tv_000000192212.jpg,000000192212.jpg,TA_images/TA_tv_000000192212.jpg
TA_cup_000000258661.jpg,000000258661.jpg,TA_images/TA_cup_000000258661.jpg
TA_fork_000000185935.jpg,000000185935.jpg,TA_images/TA_fork_000000185935.jpg
TA_stop sign_000000544094.jpg,000000544094.jpg,TA_images/TA_stop sign_000000544094.jpg
TA_mouse_000000493652.jpg,000000493652.jpg,TA_images/TA_mouse_000000493652.jpg
TA_cup_000000426133.jpg,000000426133.jpg,TA_images/TA_cup_000000426133.jpg
TA_sink_000000256309.jpg,000000256309.jpg,TA_images/TA_sink_000000256309.jpg
TA_toilet_000000056326.jpg,000000056326.jpg,TA_images/TA_toilet_000000056326.jpg
TA_oven_000000478077.jpg,000000478077.jpg,TA_images/TA_oven_000000478077.jpg
TA_toilet_000000356349.jpg,000000356349.jpg,TA_images/TA_toilet_000000356349.jpg
TA_chair_000000109482.jpg,000000109482.jpg,TA_images/TA_chair_000000109482.jpg
TA_bowl_000000557324.jpg,000000557324.jpg,TA_images/TA_bowl_000000557324.jpg
TA_bottle_000000469671.jpg,000000469671.jpg,TA_images/TA_bottle_000000469671.jpg
TA_fork_000000442441.jpg,000000442441.jpg,TA_images/TA_fork_000000442441.jpg
TA_cup_000000498583.jpg,000000498583.jpg,TA_images/TA_cup_000000498583.jpg
TA_sink_000000518177.jpg,000000518177.jpg,TA_images/TA_sink_000000518177.jpg
TA_bottle_000000141108.jpg,000000141108.jpg,TA_images/TA_bottle_000000141108.jpg
TA_clock_000000309005.jpg,000000309005.jpg,TA_images/TA_clock_000000309005.jpg
TA_knife_000000470121.jpg,000000470121.jpg,TA_images/TA_knife_000000470121.jpg
TA_microwave_000000011360.jpg,000000011360.jpg,TA_images/TA_microwave_000000011360.jpg
TA_microwave_000000577212.jpg,000000577212.jpg,TA_images/TA_microwave_000000577212.jpg
TA_toilet_000000192616.jpg,000000192616.jpg,TA_images/TA_toilet_000000192616.jpg
TA_chair_000000458410.jpg,000000458410.jpg,TA_images/TA_chair_000000458410.jpg
TA_clock_000000233825.jpg,000000233825.jpg,TA_images/TA_clock_000000233825.jpg
TA_knife_000000162249.jpg,000000162249.jpg,TA_images/TA_knife_000000162249.jpg
TA_laptop_000000409630.jpg,000000409630.jpg,TA_images/TA_laptop_000000409630.jpg
TA_cup_000000329850.jpg,000000329850.jpg,TA_images/TA_cup_000000329850.jpg
TA_microwave_000000493235.jpg,000000493235.jpg,TA_images/TA_microwave_000000493235.jpg
TA_laptop_000000038034.jpg,000000038034.jpg,TA_images/TA_laptop_000000038034.jpg
TA_cup_000000375915.jpg,000000375915.jpg,TA_images/TA_cup_000000375915.jpg
TA_mouse_000000091267.jpg,000000091267.jpg,TA_images/TA_mouse_000000091267.jpg
TA_cup_000000111032.jpg,000000111032.jpg,TA_images/TA_cup_000000111032.jpg
TA_fork_000000059479.jpg,000000059479.jpg,TA_images/TA_fork_000000059479.jpg
TA_bowl_000000055467.jpg,000000055467.jpg,TA_images/TA_bowl_000000055467.jpg
TA_cup_000000383270.jpg,000000383270.jpg,TA_images/TA_cup_000000383270.jpg
TA_keyboard_000000357870.jpg,000000357870.jpg,TA_images/TA_keyboard_000000357870.jpg
TA_microwave_000000527578.jpg,000000527578.jpg,TA_images/TA_microwave_000000527578.jpg
TA_bowl_000000432150.jpg,000000432150.jpg,TA_images/TA_bowl_000000432150.jpg
TA_knife_000000250108.jpg,000000250108.jpg,TA_images/TA_knife_000000250108.jpg
TA_laptop_000000056288.jpg,000000056288.jpg,TA_images/TA_laptop_000000056288.jpg
TA_knife_000000431236.jpg,000000431236.jpg,TA_images/TA_knife_000000431236.jpg
TA_bowl_000000111032.jpg,000000111032.jpg,TA_images/TA_bowl_000000111032.jpg
TA_sink_000000104392.jpg,000000104392.jpg,TA_images/TA_sink_000000104392.jpg
TA_tv_000000556073.jpg,000000556073.jpg,TA_images/TA_tv_000000556073.jpg
TA_sink_000000313130.jpg,000000313130.jpg,TA_images/TA_sink_000000313130.jpg
TA_mouse_000000459164.jpg,000000459164.jpg,TA_images/TA_mouse_000000459164.jpg
TA_cup_000000294297.jpg,000000294297.jpg,TA_images/TA_cup_000000294297.jpg
TA_car_000000041837.jpg,000000041837.jpg,TA_images/TA_car_000000041837.jpg
TA_cup_000000045728.jpg,000000045728.jpg,TA_images/TA_cup_000000045728.jpg
TA_knife_000000170658.jpg,000000170658.jpg,TA_images/TA_knife_000000170658.jpg
TA_chair_000000203128.jpg,000000203128.jpg,TA_images/TA_chair_000000203128.jpg
TA_sink_000000058758.jpg,000000058758.jpg,TA_images/TA_sink_000000058758.jpg
TA_fork_000000116582.jpg,000000116582.jpg,TA_images/TA_fork_000000116582.jpg
TA_car_000000314440.jpg,000000314440.jpg,TA_images/TA_car_000000314440.jpg
TA_clock_000000049473.jpg,000000049473.jpg,TA_images/TA_clock_000000049473.jpg
TA_tv_000000369345.jpg,000000369345.jpg,TA_images/TA_tv_000000369345.jpg
TA_bowl_000000329850.jpg,000000329850.jpg,TA_images/TA_bowl_000000329850.jpg
TA_sink_000000483432.jpg,000000483432.jpg,TA_images/TA_sink_000000483432.jpg
TA_bowl_000000038701.jpg,000000038701.jpg,TA_images/TA_bowl_000000038701.jpg
TA_car_000000231617.jpg,000000231617.jpg,TA_images/TA_car_000000231617.jpg
TA_microwave_000000199688.jpg,000000199688.jpg,TA_images/TA_microwave_000000199688.jpg
TA_potted plant_000000245094.jpg,000000245094.jpg,TA_images/TA_potted plant_000000245094.jpg
TA_chair_000000379441.jpg,000000379441.jpg,TA_images/TA_chair_000000379441.jpg
TA_sink_000000011360.jpg,000000011360.jpg,TA_images/TA_sink_000000011360.jpg
TA_clock_000000523854.jpg,000000523854.jpg,TA_images/TA_clock_000000523854.jpg
TA_bowl_000000503772.jpg,000000503772.jpg,TA_images/TA_bowl_000000503772.jpg
TA_bowl_000000428291.jpg,000000428291.jpg,TA_images/TA_bowl_000000428291.jpg
TA_sink_000000561128.jpg,000000561128.jpg,TA_images/TA_sink_000000561128.jpg
TA_cup_000000241525.jpg,000000241525.jpg,TA_images/TA_cup_000000241525.jpg
TA_cup_000000292033.jpg,000000292033.jpg,TA_images/TA_cup_000000292033.jpg
TA_fork_000000460208.jpg,000000460208.jpg,TA_images/TA_fork_000000460208.jpg
TA_stop sign_000000356169.jpg,000000356169.jpg,TA_images/TA_stop sign_000000356169.jpg
TA_chair_000000233825.jpg,000000233825.jpg,TA_images/TA_chair_000000233825.jpg
TA_keyboard_000000247130.jpg,000000247130.jpg,TA_images/TA_keyboard_000000247130.jpg
TA_bowl_000000566920.jpg,000000566920.jpg,TA_images/TA_bowl_000000566920.jpg
TA_mouse_000000561366.jpg,000000561366.jpg,TA_images/TA_mouse_000000561366.jpg
TA_laptop_000000007570.jpg,000000007570.jpg,TA_images/TA_laptop_000000007570.jpg
TA_bottle_000000173208.jpg,000000173208.jpg,TA_images/TA_bottle_000000173208.jpg
TA_keyboard_000000326082.jpg,000000326082.jpg,TA_images/TA_keyboard_000000326082.jpg
TA_bottle_000000420666.jpg,000000420666.jpg,TA_images/TA_bottle_000000420666.jpg
TA_laptop_000000246999.jpg,000000246999.jpg,TA_images/TA_laptop_000000246999.jpg
TA_bottle_000000211186.jpg,000000211186.jpg,TA_images/TA_bottle_000000211186.jpg
TA_knife_000000126744.jpg,000000126744.jpg,TA_images/TA_knife_000000126744.jpg
TA_clock_000000463134.jpg,000000463134.jpg,TA_images/TA_clock_000000463134.jpg
TA_cup_000000212587.jpg,000000212587.jpg,TA_images/TA_cup_000000212587.jpg
TA_keyboard_000000490624.jpg,000000490624.jpg,TA_images/TA_keyboard_000000490624.jpg
TA_cup_000000436130.jpg,000000436130.jpg,TA_images/TA_cup_000000436130.jpg
TA_fork_000000393864.jpg,000000393864.jpg,TA_images/TA_fork_000000393864.jpg
TA_stop sign_000000133827.jpg,000000133827.jpg,TA_images/TA_stop sign_000000133827.jpg
TA_keyboard_000000432859.jpg,000000432859.jpg,TA_images/TA_keyboard_000000432859.jpg
TA_stop sign_000000058089.jpg,000000058089.jpg,TA_images/TA_stop sign_000000058089.jpg
TA_cup_000000503772.jpg,000000503772.jpg,TA_images/TA_cup_000000503772.jpg
TA_toilet_000000029709.jpg,000000029709.jpg,TA_images/TA_toilet_000000029709.jpg
TA_toilet_000000277197.jpg,000000277197.jpg,TA_images/TA_toilet_000000277197.jpg
TA_sink_000000535977.jpg,000000535977.jpg,TA_images/TA_sink_000000535977.jpg
TA_toilet_000000546649.jpg,000000546649.jpg,TA_images/TA_toilet_000000546649.jpg
TA_microwave_000000530836.jpg,000000530836.jpg,TA_images/TA_microwave_000000530836.jpg
TA_fork_000000313337.jpg,000000313337.jpg,TA_images/TA_fork_000000313337.jpg
TA_cup_000000338581.jpg,000000338581.jpg,TA_images/TA_cup_000000338581.jpg
TA_potted plant_000000057359.jpg,000000057359.jpg,TA_images/TA_potted plant_000000057359.jpg
TA_cup_000000146965.jpg,000000146965.jpg,TA_images/TA_cup_000000146965.jpg
TA_fork_000000369128.jpg,000000369128.jpg,TA_images/TA_fork_000000369128.jpg
TA_chair_000000324584.jpg,000000324584.jpg,TA_images/TA_chair_000000324584.jpg
TA_chair_000000380597.jpg,000000380597.jpg,TA_images/TA_chair_000000380597.jpg
TA_tv_000000357870.jpg,000000357870.jpg,TA_images/TA_tv_000000357870.jpg
TA_potted plant_000000272968.jpg,000000272968.jpg,TA_images/TA_potted plant_000000272968.jpg
TA_car_000000449490.jpg,000000449490.jpg,TA_images/TA_car_000000449490.jpg
TA_knife_000000416467.jpg,000000416467.jpg,TA_images/TA_knife_000000416467.jpg
TA_cup_000000248847.jpg,000000248847.jpg,TA_images/TA_cup_000000248847.jpg
TA_sink_000000260330.jpg,000000260330.jpg,TA_images/TA_sink_000000260330.jpg
TA_chair_000000305833.jpg,000000305833.jpg,TA_images/TA_chair_000000305833.jpg
TA_sink_000000031878.jpg,000000031878.jpg,TA_images/TA_sink_000000031878.jpg
TA_microwave_000000078266.jpg,000000078266.jpg,TA_images/TA_microwave_000000078266.jpg
TA_laptop_000000189820.jpg,000000189820.jpg,TA_images/TA_laptop_000000189820.jpg
TA_chair_000000385001.jpg,000000385001.jpg,TA_images/TA_chair_000000385001.jpg
TA_bowl_000000213843.jpg,000000213843.jpg,TA_images/TA_bowl_000000213843.jpg
TA_laptop_000000561366.jpg,000000561366.jpg,TA_images/TA_laptop_000000561366.jpg
TA_tv_000000441253.jpg,000000441253.jpg,TA_images/TA_tv_000000441253.jpg
TA_chair_000000534268.jpg,000000534268.jpg,TA_images/TA_chair_000000534268.jpg
TA_tv_000000271068.jpg,000000271068.jpg,TA_images/TA_tv_000000271068.jpg
TA_chair_000000467803.jpg,000000467803.jpg,TA_images/TA_chair_000000467803.jpg
TA_tv_000000324914.jpg,000000324914.jpg,TA_images/TA_tv_000000324914.jpg
TA_fork_000000207196.jpg,000000207196.jpg,TA_images/TA_fork_000000207196.jpg
TA_cup_000000570947.jpg,000000570947.jpg,TA_images/TA_cup_000000570947.jpg
TA_fork_000000421875.jpg,000000421875.jpg,TA_images/TA_fork_000000421875.jpg
TA_sink_000000104790.jpg,000000104790.jpg,TA_images/TA_sink_000000104790.jpg
TA_tv_000000136600.jpg,000000136600.jpg,TA_images/TA_tv_000000136600.jpg
TA_toilet_000000203128.jpg,000000203128.jpg,TA_images/TA_toilet_000000203128.jpg
TA_tv_000000211260.jpg,000000211260.jpg,TA_images/TA_tv_000000211260.jpg
TA_keyboard_000000415716.jpg,000000415716.jpg,TA_images/TA_keyboard_000000415716.jpg
TA_keyboard_000000206257.jpg,000000206257.jpg,TA_images/TA_keyboard_000000206257.jpg
TA_sink_000000431236.jpg,000000431236.jpg,TA_images/TA_sink_000000431236.jpg
TA_sink_000000110027.jpg,000000110027.jpg,TA_images/TA_sink_000000110027.jpg
TA_keyboard_000000261780.jpg,000000261780.jpg,TA_images/TA_keyboard_000000261780.jpg
TA_cup_000000523175.jpg,000000523175.jpg,TA_images/TA_cup_000000523175.jpg
TA_car_000000430519.jpg,000000430519.jpg,TA_images/TA_car_000000430519.jpg
TA_laptop_000000344279.jpg,000000344279.jpg,TA_images/TA_laptop_000000344279.jpg
TA_microwave_000000004296.jpg,000000004296.jpg,TA_images/TA_microwave_000000004296.jpg
TA_bottle_000000316505.jpg,000000316505.jpg,TA_images/TA_bottle_000000316505.jpg
TA_laptop_000000038875.jpg,000000038875.jpg,TA_images/TA_laptop_000000038875.jpg
TA_tv_000000372466.jpg,000000372466.jpg,TA_images/TA_tv_000000372466.jpg
TA_chair_000000072873.jpg,000000072873.jpg,TA_images/TA_chair_000000072873.jpg
TA_sink_000000234277.jpg,000000234277.jpg,TA_images/TA_sink_000000234277.jpg
TA_fork_000000175440.jpg,000000175440.jpg,TA_images/TA_fork_000000175440.jpg
TA_cup_000000301762.jpg,000000301762.jpg,TA_images/TA_cup_000000301762.jpg
TA_bowl_000000545385.jpg,000000545385.jpg,TA_images/TA_bowl_000000545385.jpg
TA_fork_000000405146.jpg,000000405146.jpg,TA_images/TA_fork_000000405146.jpg
TA_clock_000000385842.jpg,000000385842.jpg,TA_images/TA_clock_000000385842.jpg
TA_keyboard_000000309005.jpg,000000309005.jpg,TA_images/TA_keyboard_000000309005.jpg
TA_chair_000000109797.jpg,000000109797.jpg,TA_images/TA_chair_000000109797.jpg
TA_toilet_000000383107.jpg,000000383107.jpg,TA_images/TA_toilet_000000383107.jpg
TA_knife_000000185935.jpg,000000185935.jpg,TA_images/TA_knife_000000185935.jpg
TA_laptop_000000021060.jpg,000000021060.jpg,TA_images/TA_laptop_000000021060.jpg
TA_cup_000000432125.jpg,000000432125.jpg,TA_images/TA_cup_000000432125.jpg
TA_fork_000000276133.jpg,000000276133.jpg,TA_images/TA_fork_000000276133.jpg
TA_tv_000000335658.jpg,000000335658.jpg,TA_images/TA_tv_000000335658.jpg
TA_microwave_000000271897.jpg,000000271897.jpg,TA_images/TA_microwave_000000271897.jpg
TA_knife_000000277689.jpg,000000277689.jpg,TA_images/TA_knife_000000277689.jpg
TA_potted plant_000000150874.jpg,000000150874.jpg,TA_images/TA_potted plant_000000150874.jpg
TA_laptop_000000099937.jpg,000000099937.jpg,TA_images/TA_laptop_000000099937.jpg
TA_fork_000000486306.jpg,000000486306.jpg,TA_images/TA_fork_000000486306.jpg
TA_bottle_000000185698.jpg,000000185698.jpg,TA_images/TA_bottle_000000185698.jpg
TA_potted plant_000000465184.jpg,000000465184.jpg,TA_images/TA_potted plant_000000465184.jpg
TA_cup_000000040426.jpg,000000040426.jpg,TA_images/TA_cup_000000040426.jpg
TA_mouse_000000491408.jpg,000000491408.jpg,TA_images/TA_mouse_000000491408.jpg
TA_microwave_000000333683.jpg,000000333683.jpg,TA_images/TA_microwave_000000333683.jpg
TA_sink_000000488075.jpg,000000488075.jpg,TA_images/TA_sink_000000488075.jpg
TA_potted plant_000000068331.jpg,000000068331.jpg,TA_images/TA_potted plant_000000068331.jpg
TA_car_000000519605.jpg,000000519605.jpg,TA_images/TA_car_000000519605.jpg
TA_knife_000000436467.jpg,000000436467.jpg,TA_images/TA_knife_000000436467.jpg
TA_bottle_000000006949.jpg,000000006949.jpg,TA_images/TA_bottle_000000006949.jpg
TA_sink_000000521542.jpg,000000521542.jpg,TA_images/TA_sink_000000521542.jpg
TA_car_000000049428.jpg,000000049428.jpg,TA_images/TA_car_000000049428.jpg
TA_oven_000000420490.jpg,000000420490.jpg,TA_images/TA_oven_000000420490.jpg
TA_keyboard_000000211112.jpg,000000211112.jpg,TA_images/TA_keyboard_000000211112.jpg
TA_sink_000000124236.jpg,000000124236.jpg,TA_images/TA_sink_000000124236.jpg
TA_keyboard_000000117530.jpg,000000117530.jpg,TA_images/TA_keyboard_000000117530.jpg
TA_mouse_000000517081.jpg,000000517081.jpg,TA_images/TA_mouse_000000517081.jpg
TA_bowl_000000549224.jpg,000000549224.jpg,TA_images/TA_bowl_000000549224.jpg
TA_bowl_000000035326.jpg,000000035326.jpg,TA_images/TA_bowl_000000035326.jpg
TA_keyboard_000000578498.jpg,000000578498.jpg,TA_images/TA_keyboard_000000578498.jpg
TA_knife_000000496954.jpg,000000496954.jpg,TA_images/TA_knife_000000496954.jpg
TA_stop sign_000000565012.jpg,000000565012.jpg,TA_images/TA_stop sign_000000565012.jpg
TA_tv_000000357633.jpg,000000357633.jpg,TA_images/TA_tv_000000357633.jpg
TA_tv_000000011184.jpg,000000011184.jpg,TA_images/TA_tv_000000011184.jpg
TA_clock_000000367386.jpg,000000367386.jpg,TA_images/TA_clock_000000367386.jpg
TA_chair_000000106712.jpg,000000106712.jpg,TA_images/TA_chair_000000106712.jpg
TA_potted plant_000000385770.jpg,000000385770.jpg,TA_images/TA_potted plant_000000385770.jpg
TA_laptop_000000401971.jpg,000000401971.jpg,TA_images/TA_laptop_000000401971.jpg
TA_potted plant_000000216497.jpg,000000216497.jpg,TA_images/TA_potted plant_000000216497.jpg
TA_sink_000000405146.jpg,000000405146.jpg,TA_images/TA_sink_000000405146.jpg
TA_bottle_000000439224.jpg,000000439224.jpg,TA_images/TA_bottle_000000439224.jpg
TA_tv_000000036661.jpg,000000036661.jpg,TA_images/TA_tv_000000036661.jpg
TA_toilet_000000467803.jpg,000000467803.jpg,TA_images/TA_toilet_000000467803.jpg
TA_bottle_000000175593.jpg,000000175593.jpg,TA_images/TA_bottle_000000175593.jpg
TA_bottle_000000560427.jpg,000000560427.jpg,TA_images/TA_bottle_000000560427.jpg
TA_potted plant_000000177994.jpg,000000177994.jpg,TA_images/TA_potted plant_000000177994.jpg
TA_sink_000000321522.jpg,000000321522.jpg,TA_images/TA_sink_000000321522.jpg
TA_car_000000266099.jpg,000000266099.jpg,TA_images/TA_car_000000266099.jpg
TA_bottle_000000103161.jpg,000000103161.jpg,TA_images/TA_bottle_000000103161.jpg
TA_laptop_000000137573.jpg,000000137573.jpg,TA_images/TA_laptop_000000137573.jpg
TA_sink_000000350898.jpg,000000350898.jpg,TA_images/TA_sink_000000350898.jpg
TA_car_000000350073.jpg,000000350073.jpg,TA_images/TA_car_000000350073.jpg
TA_fork_000000131416.jpg,000000131416.jpg,TA_images/TA_fork_000000131416.jpg
TA_tv_000000379441.jpg,000000379441.jpg,TA_images/TA_tv_000000379441.jpg
TA_sink_000000223094.jpg,000000223094.jpg,TA_images/TA_sink_000000223094.jpg
TA_stop sign_000000217156.jpg,000000217156.jpg,TA_images/TA_stop sign_000000217156.jpg
TA_toilet_000000150874.jpg,000000150874.jpg,TA_images/TA_toilet_000000150874.jpg
TA_sink_000000271063.jpg,000000271063.jpg,TA_images/TA_sink_000000271063.jpg
TA_cup_000000044294.jpg,000000044294.jpg,TA_images/TA_cup_000000044294.jpg
TA_bowl_000000322369.jpg,000000322369.jpg,TA_images/TA_bowl_000000322369.jpg
TA_sink_000000362779.jpg,000000362779.jpg,TA_images/TA_sink_000000362779.jpg
TA_chair_000000505822.jpg,000000505822.jpg,TA_images/TA_chair_000000505822.jpg
TA_mouse_000000395975.jpg,000000395975.jpg,TA_images/TA_mouse_000000395975.jpg
TA_oven_000000533166.jpg,000000533166.jpg,TA_images/TA_oven_000000533166.jpg
TA_tv_000000317763.jpg,000000317763.jpg,TA_images/TA_tv_000000317763.jpg
TA_microwave_000000124236.jpg,000000124236.jpg,TA_images/TA_microwave_000000124236.jpg
TA_chair_000000127337.jpg,000000127337.jpg,TA_images/TA_chair_000000127337.jpg
TA_bowl_000000273442.jpg,000000273442.jpg,TA_images/TA_bowl_000000273442.jpg
TA_bowl_000000183735.jpg,000000183735.jpg,TA_images/TA_bowl_000000183735.jpg
TA_chair_000000016896.jpg,000000016896.jpg,TA_images/TA_chair_000000016896.jpg
TA_knife_000000269089.jpg,000000269089.jpg,TA_images/TA_knife_000000269089.jpg
TA_laptop_000000383443.jpg,000000383443.jpg,TA_images/TA_laptop_000000383443.jpg
TA_tv_000000011156.jpg,000000011156.jpg,TA_images/TA_tv_000000011156.jpg
TA_fork_000000558911.jpg,000000558911.jpg,TA_images/TA_fork_000000558911.jpg
TA_microwave_000000443259.jpg,000000443259.jpg,TA_images/TA_microwave_000000443259.jpg
TA_microwave_000000415194.jpg,000000415194.jpg,TA_images/TA_microwave_000000415194.jpg
TA_potted plant_000000357633.jpg,000000357633.jpg,TA_images/TA_potted plant_000000357633.jpg
TA_laptop_000000260486.jpg,000000260486.jpg,TA_images/TA_laptop_000000260486.jpg
TA_tv_000000415716.jpg,000000415716.jpg,TA_images/TA_tv_000000415716.jpg
TA_potted plant_000000124659.jpg,000000124659.jpg,TA_images/TA_potted plant_000000124659.jpg
TA_stop sign_000000230661.jpg,000000230661.jpg,TA_images/TA_stop sign_000000230661.jpg
TA_car_000000265234.jpg,000000265234.jpg,TA_images/TA_car_000000265234.jpg
TA_car_000000083045.jpg,000000083045.jpg,TA_images/TA_car_000000083045.jpg
TA_knife_000000369128.jpg,000000369128.jpg,TA_images/TA_knife_000000369128.jpg
TA_keyboard_000000277440.jpg,000000277440.jpg,TA_images/TA_keyboard_000000277440.jpg
TA_car_000000480036.jpg,000000480036.jpg,TA_images/TA_car_000000480036.jpg
TA_chair_000000294783.jpg,000000294783.jpg,TA_images/TA_chair_000000294783.jpg
TA_chair_000000022112.jpg,000000022112.jpg,TA_images/TA_chair_000000022112.jpg
TA_sink_000000482562.jpg,000000482562.jpg,TA_images/TA_sink_000000482562.jpg
TA_keyboard_000000303672.jpg,000000303672.jpg,TA_images/TA_keyboard_000000303672.jpg
TA_sink_000000282711.jpg,000000282711.jpg,TA_images/TA_sink_000000282711.jpg
TA_car_000000558677.jpg,000000558677.jpg,TA_images/TA_car_000000558677.jpg
TA_toilet_000000534733.jpg,000000534733.jpg,TA_images/TA_toilet_000000534733.jpg
TA_sink_000000105177.jpg,000000105177.jpg,TA_images/TA_sink_000000105177.jpg
TA_chair_000000054133.jpg,000000054133.jpg,TA_images/TA_chair_000000054133.jpg
TA_potted plant_000000108212.jpg,000000108212.jpg,TA_images/TA_potted plant_000000108212.jpg
TA_tv_000000456942.jpg,000000456942.jpg,TA_images/TA_tv_000000456942.jpg
TA_knife_000000566450.jpg,000000566450.jpg,TA_images/TA_knife_000000566450.jpg
TA_toilet_000000577030.jpg,000000577030.jpg,TA_images/TA_toilet_000000577030.jpg
TA_potted plant_000000211260.jpg,000000211260.jpg,TA_images/TA_potted plant_000000211260.jpg
TA_mouse_000000222299.jpg,000000222299.jpg,TA_images/TA_mouse_000000222299.jpg
TA_tv_000000467022.jpg,000000467022.jpg,TA_images/TA_tv_000000467022.jpg
TA_stop sign_000000144985.jpg,000000144985.jpg,TA_images/TA_stop sign_000000144985.jpg
TA_stop sign_000000514376.jpg,000000514376.jpg,TA_images/TA_stop sign_000000514376.jpg
TA_toilet_000000133679.jpg,000000133679.jpg,TA_images/TA_toilet_000000133679.jpg
TA_toilet_000000115866.jpg,000000115866.jpg,TA_images/TA_toilet_000000115866.jpg
TA_clock_000000192616.jpg,000000192616.jpg,TA_images/TA_clock_000000192616.jpg
TA_car_000000242529.jpg,000000242529.jpg,TA_images/TA_car_000000242529.jpg
TA_chair_000000435075.jpg,000000435075.jpg,TA_images/TA_chair_000000435075.jpg
TA_mouse_000000528049.jpg,000000528049.jpg,TA_images/TA_mouse_000000528049.jpg
TA_stop sign_000000278222.jpg,000000278222.jpg,TA_images/TA_stop sign_000000278222.jpg
TA_chair_000000410587.jpg,000000410587.jpg,TA_images/TA_chair_000000410587.jpg
TA_sink_000000121611.jpg,000000121611.jpg,TA_images/TA_sink_000000121611.jpg
TA_tv_000000132001.jpg,000000132001.jpg,TA_images/TA_tv_000000132001.jpg
TA_tv_000000319228.jpg,000000319228.jpg,TA_images/TA_tv_000000319228.jpg
TA_bowl_000000575915.jpg,000000575915.jpg,TA_images/TA_bowl_000000575915.jpg
TA_cup_000000467096.jpg,000000467096.jpg,TA_images/TA_cup_000000467096.jpg
TA_cup_000000367597.jpg,000000367597.jpg,TA_images/TA_cup_000000367597.jpg
TA_bowl_000000550405.jpg,000000550405.jpg,TA_images/TA_bowl_000000550405.jpg
TA_potted plant_000000052257.jpg,000000052257.jpg,TA_images/TA_potted plant_000000052257.jpg
TA_chair_000000375232.jpg,000000375232.jpg,TA_images/TA_chair_000000375232.jpg
TA_stop sign_000000518438.jpg,000000518438.jpg,TA_images/TA_stop sign_000000518438.jpg
TA_microwave_000000068162.jpg,000000068162.jpg,TA_images/TA_microwave_000000068162.jpg
TA_keyboard_000000271795.jpg,000000271795.jpg,TA_images/TA_keyboard_000000271795.jpg
TA_fork_000000209480.jpg,000000209480.jpg,TA_images/TA_fork_000000209480.jpg
TA_sink_000000053697.jpg,000000053697.jpg,TA_images/TA_sink_000000053697.jpg
TA_cup_000000045229.jpg,000000045229.jpg,TA_images/TA_cup_000000045229.jpg
TA_bottle_000000443597.jpg,000000443597.jpg,TA_images/TA_bottle_000000443597.jpg
TA_tv_000000116582.jpg,000000116582.jpg,TA_images/TA_tv_000000116582.jpg
TA_keyboard_000000408955.jpg,000000408955.jpg,TA_images/TA_keyboard_000000408955.jpg
TA_keyboard_000000578524.jpg,000000578524.jpg,TA_images/TA_keyboard_000000578524.jpg
TA_sink_000000209048.jpg,000000209048.jpg,TA_images/TA_sink_000000209048.jpg
TA_cup_000000275175.jpg,000000275175.jpg,TA_images/TA_cup_000000275175.jpg
TA_cup_000000470256.jpg,000000470256.jpg,TA_images/TA_cup_000000470256.jpg
TA_tv_000000154202.jpg,000000154202.jpg,TA_images/TA_tv_000000154202.jpg
TA_clock_000000166003.jpg,000000166003.jpg,TA_images/TA_clock_000000166003.jpg
TA_sink_000000555356.jpg,000000555356.jpg,TA_images/TA_sink_000000555356.jpg
TA_sink_000000518524.jpg,000000518524.jpg,TA_images/TA_sink_000000518524.jpg
TA_bottle_000000547493.jpg,000000547493.jpg,TA_images/TA_bottle_000000547493.jpg
TA_cup_000000366096.jpg,000000366096.jpg,TA_images/TA_cup_000000366096.jpg
TA_chair_000000470256.jpg,000000470256.jpg,TA_images/TA_chair_000000470256.jpg
TA_knife_000000503978.jpg,000000503978.jpg,TA_images/TA_knife_000000503978.jpg
TA_chair_000000032907.jpg,000000032907.jpg,TA_images/TA_chair_000000032907.jpg
TA_laptop_000000132001.jpg,000000132001.jpg,TA_images/TA_laptop_000000132001.jpg
TA_cup_000000577128.jpg,000000577128.jpg,TA_images/TA_cup_000000577128.jpg
TA_cup_000000136624.jpg,000000136624.jpg,TA_images/TA_cup_000000136624.jpg
TA_chair_000000079906.jpg,000000079906.jpg,TA_images/TA_chair_000000079906.jpg
TA_chair_000000039477.jpg,000000039477.jpg,TA_images/TA_chair_000000039477.jpg
TA_clock_000000442419.jpg,000000442419.jpg,TA_images/TA_clock_000000442419.jpg
TA_sink_000000498319.jpg,000000498319.jpg,TA_images/TA_sink_000000498319.jpg
TA_sink_000000558673.jpg,000000558673.jpg,TA_images/TA_sink_000000558673.jpg
TA_clock_000000091267.jpg,000000091267.jpg,TA_images/TA_clock_000000091267.jpg
TA_sink_000000501855.jpg,000000501855.jpg,TA_images/TA_sink_000000501855.jpg
TA_tv_000000561729.jpg,000000561729.jpg,TA_images/TA_tv_000000561729.jpg
TA_stop sign_000000230450.jpg,000000230450.jpg,TA_images/TA_stop sign_000000230450.jpg
TA_potted plant_000000481035.jpg,000000481035.jpg,TA_images/TA_potted plant_000000481035.jpg
TA_potted plant_000000506614.jpg,000000506614.jpg,TA_images/TA_potted plant_000000506614.jpg
TA_mouse_000000408578.jpg,000000408578.jpg,TA_images/TA_mouse_000000408578.jpg
TA_toilet_000000360849.jpg,000000360849.jpg,TA_images/TA_toilet_000000360849.jpg
TA_stop sign_000000306486.jpg,000000306486.jpg,TA_images/TA_stop sign_000000306486.jpg
TA_oven_000000296604.jpg,000000296604.jpg,TA_images/TA_oven_000000296604.jpg
TA_bowl_000000431236.jpg,000000431236.jpg,TA_images/TA_bowl_000000431236.jpg
TA_tv_000000299785.jpg,000000299785.jpg,TA_images/TA_tv_000000299785.jpg
TA_clock_000000102625.jpg,000000102625.jpg,TA_images/TA_clock_000000102625.jpg
TA_keyboard_000000441415.jpg,000000441415.jpg,TA_images/TA_keyboard_000000441415.jpg
TA_potted plant_000000315631.jpg,000000315631.jpg,TA_images/TA_potted plant_000000315631.jpg
TA_car_000000197997.jpg,000000197997.jpg,TA_images/TA_car_000000197997.jpg
TA_keyboard_000000491408.jpg,000000491408.jpg,TA_images/TA_keyboard_000000491408.jpg
TA_toilet_000000092683.jpg,000000092683.jpg,TA_images/TA_toilet_000000092683.jpg
TA_oven_000000304827.jpg,000000304827.jpg,TA_images/TA_oven_000000304827.jpg
TA_microwave_000000126983.jpg,000000126983.jpg,TA_images/TA_microwave_000000126983.jpg
TA_bottle_000000272738.jpg,000000272738.jpg,TA_images/TA_bottle_000000272738.jpg
TA_bottle_000000160421.jpg,000000160421.jpg,TA_images/TA_bottle_000000160421.jpg
TA_keyboard_000000348481.jpg,000000348481.jpg,TA_images/TA_keyboard_000000348481.jpg
TA_tv_000000405440.jpg,000000405440.jpg,TA_images/TA_tv_000000405440.jpg
TA_chair_000000460091.jpg,000000460091.jpg,TA_images/TA_chair_000000460091.jpg
TA_microwave_000000577654.jpg,000000577654.jpg,TA_images/TA_microwave_000000577654.jpg
TA_oven_000000291784.jpg,000000291784.jpg,TA_images/TA_oven_000000291784.jpg
TA_stop sign_000000203488.jpg,000000203488.jpg,TA_images/TA_stop sign_000000203488.jpg
TA_tv_000000194434.jpg,000000194434.jpg,TA_images/TA_tv_000000194434.jpg
TA_cup_000000443259.jpg,000000443259.jpg,TA_images/TA_cup_000000443259.jpg
TA_clock_000000056129.jpg,000000056129.jpg,TA_images/TA_clock_000000056129.jpg
TA_keyboard_000000504599.jpg,000000504599.jpg,TA_images/TA_keyboard_000000504599.jpg
TA_knife_000000049676.jpg,000000049676.jpg,TA_images/TA_knife_000000049676.jpg
TA_chair_000000487192.jpg,000000487192.jpg,TA_images/TA_chair_000000487192.jpg
TA_oven_000000333683.jpg,000000333683.jpg,TA_images/TA_oven_000000333683.jpg
TA_fork_000000434179.jpg,000000434179.jpg,TA_images/TA_fork_000000434179.jpg
TA_fork_000000251343.jpg,000000251343.jpg,TA_images/TA_fork_000000251343.jpg
TA_sink_000000533166.jpg,000000533166.jpg,TA_images/TA_sink_000000533166.jpg
TA_chair_000000352480.jpg,000000352480.jpg,TA_images/TA_chair_000000352480.jpg
TA_mouse_000000324584.jpg,000000324584.jpg,TA_images/TA_mouse_000000324584.jpg
TA_fork_000000569450.jpg,000000569450.jpg,TA_images/TA_fork_000000569450.jpg
TA_toilet_000000393054.jpg,000000393054.jpg,TA_images/TA_toilet_000000393054.jpg
TA_knife_000000070626.jpg,000000070626.jpg,TA_images/TA_knife_000000070626.jpg
TA_potted plant_000000491755.jpg,000000491755.jpg,TA_images/TA_potted plant_000000491755.jpg
TA_microwave_000000420490.jpg,000000420490.jpg,TA_images/TA_microwave_000000420490.jpg
TA_oven_000000147545.jpg,000000147545.jpg,TA_images/TA_oven_000000147545.jpg
TA_laptop_000000484751.jpg,000000484751.jpg,TA_images/TA_laptop_000000484751.jpg
TA_toilet_000000233033.jpg,000000233033.jpg,TA_images/TA_toilet_000000233033.jpg
TA_cup_000000445002.jpg,000000445002.jpg,TA_images/TA_cup_000000445002.jpg
TA_mouse_000000133050.jpg,000000133050.jpg,TA_images/TA_mouse_000000133050.jpg
TA_cup_000000306638.jpg,000000306638.jpg,TA_images/TA_cup_000000306638.jpg
TA_oven_000000291597.jpg,000000291597.jpg,TA_images/TA_oven_000000291597.jpg
TA_bottle_000000077951.jpg,000000077951.jpg,TA_images/TA_bottle_000000077951.jpg
TA_chair_000000493652.jpg,000000493652.jpg,TA_images/TA_chair_000000493652.jpg
TA_microwave_000000027285.jpg,000000027285.jpg,TA_images/TA_microwave_000000027285.jpg
TA_sink_000000577654.jpg,000000577654.jpg,TA_images/TA_sink_000000577654.jpg
TA_toilet_000000348913.jpg,000000348913.jpg,TA_images/TA_toilet_000000348913.jpg
TA_tv_000000173532.jpg,000000173532.jpg,TA_images/TA_tv_000000173532.jpg
TA_stop sign_000000026879.jpg,000000026879.jpg,TA_images/TA_stop sign_000000026879.jpg
TA_bowl_000000115776.jpg,000000115776.jpg,TA_images/TA_bowl_000000115776.jpg
TA_bottle_000000253452.jpg,000000253452.jpg,TA_images/TA_bottle_000000253452.jpg
TA_fork_000000074209.jpg,000000074209.jpg,TA_images/TA_fork_000000074209.jpg
TA_potted plant_000000140076.jpg,000000140076.jpg,TA_images/TA_potted plant_000000140076.jpg
TA_tv_000000537145.jpg,000000537145.jpg,TA_images/TA_tv_000000537145.jpg
TA_car_000000072666.jpg,000000072666.jpg,TA_images/TA_car_000000072666.jpg
TA_keyboard_000000392564.jpg,000000392564.jpg,TA_images/TA_keyboard_000000392564.jpg
TA_sink_000000121828.jpg,000000121828.jpg,TA_images/TA_sink_000000121828.jpg
TA_keyboard_000000132540.jpg,000000132540.jpg,TA_images/TA_keyboard_000000132540.jpg
TA_tv_000000216677.jpg,000000216677.jpg,TA_images/TA_tv_000000216677.jpg
TA_knife_000000127141.jpg,000000127141.jpg,TA_images/TA_knife_000000127141.jpg
TA_knife_000000404209.jpg,000000404209.jpg,TA_images/TA_knife_000000404209.jpg
TA_microwave_000000097427.jpg,000000097427.jpg,TA_images/TA_microwave_000000097427.jpg
TA_fork_000000458663.jpg,000000458663.jpg,TA_images/TA_fork_000000458663.jpg
TA_clock_000000277984.jpg,000000277984.jpg,TA_images/TA_clock_000000277984.jpg
TA_tv_000000401971.jpg,000000401971.jpg,TA_images/TA_tv_000000401971.jpg
TA_stop sign_000000260275.jpg,000000260275.jpg,TA_images/TA_stop sign_000000260275.jpg
TA_fork_000000002759.jpg,000000002759.jpg,TA_images/TA_fork_000000002759.jpg
TA_sink_000000536972.jpg,000000536972.jpg,TA_images/TA_sink_000000536972.jpg
TA_stop sign_000000247609.jpg,000000247609.jpg,TA_images/TA_stop sign_000000247609.jpg
TA_keyboard_000000154202.jpg,000000154202.jpg,TA_images/TA_keyboard_000000154202.jpg
TA_laptop_000000285832.jpg,000000285832.jpg,TA_images/TA_laptop_000000285832.jpg
TA_laptop_000000271025.jpg,000000271025.jpg,TA_images/TA_laptop_000000271025.jpg
TA_sink_000000518899.jpg,000000518899.jpg,TA_images/TA_sink_000000518899.jpg
TA_bowl_000000381031.jpg,000000381031.jpg,TA_images/TA_bowl_000000381031.jpg
TA_keyboard_000000548423.jpg,000000548423.jpg,TA_images/TA_keyboard_000000548423.jpg
TA_toilet_000000313321.jpg,000000313321.jpg,TA_images/TA_toilet_000000313321.jpg
TA_potted plant_000000483432.jpg,000000483432.jpg,TA_images/TA_potted plant_000000483432.jpg
TA_tv_000000215778.jpg,000000215778.jpg,TA_images/TA_tv_000000215778.jpg
TA_oven_000000399269.jpg,000000399269.jpg,TA_images/TA_oven_000000399269.jpg
TA_potted plant_000000543364.jpg,000000543364.jpg,TA_images/TA_potted plant_000000543364.jpg
TA_stop sign_000000075173.jpg,000000075173.jpg,TA_images/TA_stop sign_000000075173.jpg
TA_cup_000000283816.jpg,000000283816.jpg,TA_images/TA_cup_000000283816.jpg
TA_microwave_000000226097.jpg,000000226097.jpg,TA_images/TA_microwave_000000226097.jpg
TA_sink_000000481710.jpg,000000481710.jpg,TA_images/TA_sink_000000481710.jpg
TA_bowl_000000069906.jpg,000000069906.jpg,TA_images/TA_bowl_000000069906.jpg
TA_microwave_000000382696.jpg,000000382696.jpg,TA_images/TA_microwave_000000382696.jpg
TA_bowl_000000169872.jpg,000000169872.jpg,TA_images/TA_bowl_000000169872.jpg
TA_bottle_000000115866.jpg,000000115866.jpg,TA_images/TA_bottle_000000115866.jpg
TA_fork_000000448923.jpg,000000448923.jpg,TA_images/TA_fork_000000448923.jpg
TA_keyboard_000000383443.jpg,000000383443.jpg,TA_images/TA_keyboard_000000383443.jpg
TA_sink_000000026348.jpg,000000026348.jpg,TA_images/TA_sink_000000026348.jpg
TA_chair_000000071807.jpg,000000071807.jpg,TA_images/TA_chair_000000071807.jpg
TA_stop sign_000000295823.jpg,000000295823.jpg,TA_images/TA_stop sign_000000295823.jpg
TA_tv_000000353300.jpg,000000353300.jpg,TA_images/TA_tv_000000353300.jpg
TA_microwave_000000156278.jpg,000000156278.jpg,TA_images/TA_microwave_000000156278.jpg
TA_sink_000000523373.jpg,000000523373.jpg,TA_images/TA_sink_000000523373.jpg
TA_fork_000000124004.jpg,000000124004.jpg,TA_images/TA_fork_000000124004.jpg
TA_keyboard_000000111211.jpg,000000111211.jpg,TA_images/TA_keyboard_000000111211.jpg
TA_chair_000000550784.jpg,000000550784.jpg,TA_images/TA_chair_000000550784.jpg
TA_keyboard_000000512276.jpg,000000512276.jpg,TA_images/TA_keyboard_000000512276.jpg
TA_mouse_000000519316.jpg,000000519316.jpg,TA_images/TA_mouse_000000519316.jpg
TA_bowl_000000004296.jpg,000000004296.jpg,TA_images/TA_bowl_000000004296.jpg
TA_chair_000000531622.jpg,000000531622.jpg,TA_images/TA_chair_000000531622.jpg
TA_tv_000000194208.jpg,000000194208.jpg,TA_images/TA_tv_000000194208.jpg
TA_toilet_000000379892.jpg,000000379892.jpg,TA_images/TA_toilet_000000379892.jpg
TA_tv_000000348481.jpg,000000348481.jpg,TA_images/TA_tv_000000348481.jpg
TA_chair_000000364493.jpg,000000364493.jpg,TA_images/TA_chair_000000364493.jpg
TA_cup_000000069906.jpg,000000069906.jpg,TA_images/TA_cup_000000069906.jpg
TA_cup_000000228749.jpg,000000228749.jpg,TA_images/TA_cup_000000228749.jpg
TA_tv_000000277831.jpg,000000277831.jpg,TA_images/TA_tv_000000277831.jpg
TA_toilet_000000497034.jpg,000000497034.jpg,TA_images/TA_toilet_000000497034.jpg
TA_cup_000000025955.jpg,000000025955.jpg,TA_images/TA_cup_000000025955.jpg
TA_chair_000000482100.jpg,000000482100.jpg,TA_images/TA_chair_000000482100.jpg
TA_potted plant_000000211192.jpg,000000211192.jpg,TA_images/TA_potted plant_000000211192.jpg
TA_sink_000000097240.jpg,000000097240.jpg,TA_images/TA_sink_000000097240.jpg
TA_microwave_000000527759.jpg,000000527759.jpg,TA_images/TA_microwave_000000527759.jpg
TA_fork_000000554607.jpg,000000554607.jpg,TA_images/TA_fork_000000554607.jpg
TA_clock_000000183204.jpg,000000183204.jpg,TA_images/TA_clock_000000183204.jpg
TA_bottle_000000547630.jpg,000000547630.jpg,TA_images/TA_bottle_000000547630.jpg
TA_tv_000000144305.jpg,000000144305.jpg,TA_images/TA_tv_000000144305.jpg
TA_cup_000000554037.jpg,000000554037.jpg,TA_images/TA_cup_000000554037.jpg
TA_fork_000000038701.jpg,000000038701.jpg,TA_images/TA_fork_000000038701.jpg
TA_bowl_000000116582.jpg,000000116582.jpg,TA_images/TA_bowl_000000116582.jpg
TA_bottle_000000449190.jpg,000000449190.jpg,TA_images/TA_bottle_000000449190.jpg
TA_fork_000000403038.jpg,000000403038.jpg,TA_images/TA_fork_000000403038.jpg
TA_tv_000000099428.jpg,000000099428.jpg,TA_images/TA_tv_000000099428.jpg
TA_bottle_000000199634.jpg,000000199634.jpg,TA_images/TA_bottle_000000199634.jpg
TA_tv_000000417804.jpg,000000417804.jpg,TA_images/TA_tv_000000417804.jpg
TA_knife_000000543047.jpg,000000543047.jpg,TA_images/TA_knife_000000543047.jpg
TA_potted plant_000000384375.jpg,000000384375.jpg,TA_images/TA_potted plant_000000384375.jpg
TA_stop sign_000000496722.jpg,000000496722.jpg,TA_images/TA_stop sign_000000496722.jpg
TA_cup_000000320664.jpg,000000320664.jpg,TA_images/TA_cup_000000320664.jpg
TA_keyboard_000000205906.jpg,000000205906.jpg,TA_images/TA_keyboard_000000205906.jpg
TA_chair_000000055109.jpg,000000055109.jpg,TA_images/TA_chair_000000055109.jpg
TA_cup_000000310200.jpg,000000310200.jpg,TA_images/TA_cup_000000310200.jpg
TA_sink_000000298525.jpg,000000298525.jpg,TA_images/TA_sink_000000298525.jpg
TA_tv_000000578964.jpg,000000578964.jpg,TA_images/TA_tv_000000578964.jpg
TA_clock_000000575822.jpg,000000575822.jpg,TA_images/TA_clock_000000575822.jpg
TA_oven_000000302789.jpg,000000302789.jpg,TA_images/TA_oven_000000302789.jpg
TA_car_000000560623.jpg,000000560623.jpg,TA_images/TA_car_000000560623.jpg
TA_sink_000000040686.jpg,000000040686.jpg,TA_images/TA_sink_000000040686.jpg
TA_tv_000000048475.jpg,000000048475.jpg,TA_images/TA_tv_000000048475.jpg
TA_fork_000000133050.jpg,000000133050.jpg,TA_images/TA_fork_000000133050.jpg
TA_keyboard_000000531622.jpg,000000531622.jpg,TA_images/TA_keyboard_000000531622.jpg
TA_oven_000000210372.jpg,000000210372.jpg,TA_images/TA_oven_000000210372.jpg
TA_sink_000000138271.jpg,000000138271.jpg,TA_images/TA_sink_000000138271.jpg
TA_potted plant_000000136227.jpg,000000136227.jpg,TA_images/TA_potted plant_000000136227.jpg
TA_car_000000579158.jpg,000000579158.jpg,TA_images/TA_car_000000579158.jpg
TA_cup_000000384661.jpg,000000384661.jpg,TA_images/TA_cup_000000384661.jpg
TA_clock_000000088031.jpg,000000088031.jpg,TA_images/TA_clock_000000088031.jpg
TA_car_000000362092.jpg,000000362092.jpg,TA_images/TA_car_000000362092.jpg
TA_bottle_000000235564.jpg,000000235564.jpg,TA_images/TA_bottle_000000235564.jpg
TA_tv_000000131203.jpg,000000131203.jpg,TA_images/TA_tv_000000131203.jpg
TA_fork_000000570981.jpg,000000570981.jpg,TA_images/TA_fork_000000570981.jpg
TA_microwave_000000248111.jpg,000000248111.jpg,TA_images/TA_microwave_000000248111.jpg
TA_knife_000000128201.jpg,000000128201.jpg,TA_images/TA_knife_000000128201.jpg
TA_chair_000000122787.jpg,000000122787.jpg,TA_images/TA_chair_000000122787.jpg
TA_oven_000000046775.jpg,000000046775.jpg,TA_images/TA_oven_000000046775.jpg
TA_mouse_000000344831.jpg,000000344831.jpg,TA_images/TA_mouse_000000344831.jpg
TA_potted plant_000000570456.jpg,000000570456.jpg,TA_images/TA_potted plant_000000570456.jpg
TA_laptop_000000135914.jpg,000000135914.jpg,TA_images/TA_laptop_000000135914.jpg
TA_bowl_000000442441.jpg,000000442441.jpg,TA_images/TA_bowl_000000442441.jpg
TA_clock_000000020553.jpg,000000020553.jpg,TA_images/TA_clock_000000020553.jpg
TA_tv_000000335037.jpg,000000335037.jpg,TA_images/TA_tv_000000335037.jpg
TA_keyboard_000000303970.jpg,000000303970.jpg,TA_images/TA_keyboard_000000303970.jpg
TA_mouse_000000278313.jpg,000000278313.jpg,TA_images/TA_mouse_000000278313.jpg
TA_cup_000000535151.jpg,000000535151.jpg,TA_images/TA_cup_000000535151.jpg
TA_potted plant_000000291784.jpg,000000291784.jpg,TA_images/TA_potted plant_000000291784.jpg
TA_sink_000000346702.jpg,000000346702.jpg,TA_images/TA_sink_000000346702.jpg
TA_fork_000000440937.jpg,000000440937.jpg,TA_images/TA_fork_000000440937.jpg
TA_bottle_000000124759.jpg,000000124759.jpg,TA_images/TA_bottle_000000124759.jpg
TA_cup_000000069750.jpg,000000069750.jpg,TA_images/TA_cup_000000069750.jpg
TA_fork_000000241319.jpg,000000241319.jpg,TA_images/TA_fork_000000241319.jpg
TA_keyboard_000000373111.jpg,000000373111.jpg,TA_images/TA_keyboard_000000373111.jpg
TA_laptop_000000423576.jpg,000000423576.jpg,TA_images/TA_laptop_000000423576.jpg
TA_chair_000000553968.jpg,000000553968.jpg,TA_images/TA_chair_000000553968.jpg
TA_tv_000000130524.jpg,000000130524.jpg,TA_images/TA_tv_000000130524.jpg
TA_toilet_000000142826.jpg,000000142826.jpg,TA_images/TA_toilet_000000142826.jpg
TA_cup_000000574509.jpg,000000574509.jpg,TA_images/TA_cup_000000574509.jpg
TA_stop sign_000000274931.jpg,000000274931.jpg,TA_images/TA_stop sign_000000274931.jpg
TA_knife_000000292324.jpg,000000292324.jpg,TA_images/TA_knife_000000292324.jpg
TA_bottle_000000002759.jpg,000000002759.jpg,TA_images/TA_bottle_000000002759.jpg
TA_fork_000000114401.jpg,000000114401.jpg,TA_images/TA_fork_000000114401.jpg
TA_fork_000000018575.jpg,000000018575.jpg,TA_images/TA_fork_000000018575.jpg
TA_tv_000000054924.jpg,000000054924.jpg,TA_images/TA_tv_000000054924.jpg
TA_chair_000000146614.jpg,000000146614.jpg,TA_images/TA_chair_000000146614.jpg
TA_toilet_000000047769.jpg,000000047769.jpg,TA_images/TA_toilet_000000047769.jpg
TA_mouse_000000054533.jpg,000000054533.jpg,TA_images/TA_mouse_000000054533.jpg
TA_bottle_000000575915.jpg,000000575915.jpg,TA_images/TA_bottle_000000575915.jpg
TA_clock_000000199688.jpg,000000199688.jpg,TA_images/TA_clock_000000199688.jpg
TA_cup_000000342958.jpg,000000342958.jpg,TA_images/TA_cup_000000342958.jpg
TA_toilet_000000131416.jpg,000000131416.jpg,TA_images/TA_toilet_000000131416.jpg
TA_fork_000000456610.jpg,000000456610.jpg,TA_images/TA_fork_000000456610.jpg
TA_clock_000000441969.jpg,000000441969.jpg,TA_images/TA_clock_000000441969.jpg
TA_oven_000000568281.jpg,000000568281.jpg,TA_images/TA_oven_000000568281.jpg
TA_keyboard_000000156891.jpg,000000156891.jpg,TA_images/TA_keyboard_000000156891.jpg
TA_fork_000000202998.jpg,000000202998.jpg,TA_images/TA_fork_000000202998.jpg
TA_sink_000000093140.jpg,000000093140.jpg,TA_images/TA_sink_000000093140.jpg
TA_laptop_000000125069.jpg,000000125069.jpg,TA_images/TA_laptop_000000125069.jpg
TA_bottle_000000491098.jpg,000000491098.jpg,TA_images/TA_bottle_000000491098.jpg
TA_knife_000000486254.jpg,000000486254.jpg,TA_images/TA_knife_000000486254.jpg
TA_microwave_000000171936.jpg,000000171936.jpg,TA_images/TA_microwave_000000171936.jpg
TA_cup_000000352418.jpg,000000352418.jpg,TA_images/TA_cup_000000352418.jpg
TA_chair_000000088031.jpg,000000088031.jpg,TA_images/TA_chair_000000088031.jpg
TA_chair_000000367528.jpg,000000367528.jpg,TA_images/TA_chair_000000367528.jpg
TA_knife_000000334118.jpg,000000334118.jpg,TA_images/TA_knife_000000334118.jpg
TA_fork_000000038276.jpg,000000038276.jpg,TA_images/TA_fork_000000038276.jpg
TA_tv_000000506311.jpg,000000506311.jpg,TA_images/TA_tv_000000506311.jpg
TA_fork_000000404209.jpg,000000404209.jpg,TA_images/TA_fork_000000404209.jpg
TA_mouse_000000490624.jpg,000000490624.jpg,TA_images/TA_mouse_000000490624.jpg
TA_bottle_000000346940.jpg,000000346940.jpg,TA_images/TA_bottle_000000346940.jpg
TA_toilet_000000368684.jpg,000000368684.jpg,TA_images/TA_toilet_000000368684.jpg
TA_stop sign_000000417164.jpg,000000417164.jpg,TA_images/TA_stop sign_000000417164.jpg
TA_chair_000000405691.jpg,000000405691.jpg,TA_images/TA_chair_000000405691.jpg
TA_microwave_000000285832.jpg,000000285832.jpg,TA_images/TA_microwave_000000285832.jpg
TA_microwave_000000478312.jpg,000000478312.jpg,TA_images/TA_microwave_000000478312.jpg
TA_clock_000000560756.jpg,000000560756.jpg,TA_images/TA_clock_000000560756.jpg
TA_knife_000000355450.jpg,000000355450.jpg,TA_images/TA_knife_000000355450.jpg
TA_fork_000000213843.jpg,000000213843.jpg,TA_images/TA_fork_000000213843.jpg
TA_toilet_000000397268.jpg,000000397268.jpg,TA_images/TA_toilet_000000397268.jpg
TA_sink_000000503772.jpg,000000503772.jpg,TA_images/TA_sink_000000503772.jpg
TA_fork_000000030213.jpg,000000030213.jpg,TA_images/TA_fork_000000030213.jpg
TA_mouse_000000475723.jpg,000000475723.jpg,TA_images/TA_mouse_000000475723.jpg
TA_car_000000448626.jpg,000000448626.jpg,TA_images/TA_car_000000448626.jpg
TA_cup_000000419723.jpg,000000419723.jpg,TA_images/TA_cup_000000419723.jpg
TA_toilet_000000006720.jpg,000000006720.jpg,TA_images/TA_toilet_000000006720.jpg
TA_potted plant_000000011313.jpg,000000011313.jpg,TA_images/TA_potted plant_000000011313.jpg
TA_tv_000000061034.jpg,000000061034.jpg,TA_images/TA_tv_000000061034.jpg
TA_oven_000000241844.jpg,000000241844.jpg,TA_images/TA_oven_000000241844.jpg
TA_sink_000000275695.jpg,000000275695.jpg,TA_images/TA_sink_000000275695.jpg
TA_bottle_000000555387.jpg,000000555387.jpg,TA_images/TA_bottle_000000555387.jpg
TA_tv_000000447548.jpg,000000447548.jpg,TA_images/TA_tv_000000447548.jpg
TA_chair_000000144941.jpg,000000144941.jpg,TA_images/TA_chair_000000144941.jpg
TA_bowl_000000402658.jpg,000000402658.jpg,TA_images/TA_bowl_000000402658.jpg
TA_cup_000000393864.jpg,000000393864.jpg,TA_images/TA_cup_000000393864.jpg
TA_cup_000000577946.jpg,000000577946.jpg,TA_images/TA_cup_000000577946.jpg
TA_microwave_000000423116.jpg,000000423116.jpg,TA_images/TA_microwave_000000423116.jpg
TA_fork_000000436130.jpg,000000436130.jpg,TA_images/TA_fork_000000436130.jpg
TA_clock_000000523123.jpg,000000523123.jpg,TA_images/TA_clock_000000523123.jpg
TA_bottle_000000351609.jpg,000000351609.jpg,TA_images/TA_bottle_000000351609.jpg
TA_fork_000000468925.jpg,000000468925.jpg,TA_images/TA_fork_000000468925.jpg
TA_knife_000000182417.jpg,000000182417.jpg,TA_images/TA_knife_000000182417.jpg
TA_fork_000000248919.jpg,000000248919.jpg,TA_images/TA_fork_000000248919.jpg
TA_oven_000000059479.jpg,000000059479.jpg,TA_images/TA_oven_000000059479.jpg
TA_microwave_000000124707.jpg,000000124707.jpg,TA_images/TA_microwave_000000124707.jpg
TA_stop sign_000000198477.jpg,000000198477.jpg,TA_images/TA_stop sign_000000198477.jpg
TA_oven_000000229324.jpg,000000229324.jpg,TA_images/TA_oven_000000229324.jpg
TA_chair_000000483179.jpg,000000483179.jpg,TA_images/TA_chair_000000483179.jpg
TA_keyboard_000000221095.jpg,000000221095.jpg,TA_images/TA_keyboard_000000221095.jpg
TA_fork_000000001153.jpg,000000001153.jpg,TA_images/TA_fork_000000001153.jpg
TA_mouse_000000208340.jpg,000000208340.jpg,TA_images/TA_mouse_000000208340.jpg
TA_stop sign_000000194729.jpg,000000194729.jpg,TA_images/TA_stop sign_000000194729.jpg
TA_cup_000000254240.jpg,000000254240.jpg,TA_images/TA_cup_000000254240.jpg
TA_knife_000000460507.jpg,000000460507.jpg,TA_images/TA_knife_000000460507.jpg
TA_clock_000000055109.jpg,000000055109.jpg,TA_images/TA_clock_000000055109.jpg
TA_chair_000000184386.jpg,000000184386.jpg,TA_images/TA_chair_000000184386.jpg
TA_microwave_000000414156.jpg,000000414156.jpg,TA_images/TA_microwave_000000414156.jpg
TA_bottle_000000135256.jpg,000000135256.jpg,TA_images/TA_bottle_000000135256.jpg
TA_sink_000000519649.jpg,000000519649.jpg,TA_images/TA_sink_000000519649.jpg
TA_chair_000000364157.jpg,000000364157.jpg,TA_images/TA_chair_000000364157.jpg
TA_tv_000000169872.jpg,000000169872.jpg,TA_images/TA_tv_000000169872.jpg
TA_chair_000000113367.jpg,000000113367.jpg,TA_images/TA_chair_000000113367.jpg
TA_potted plant_000000234470.jpg,000000234470.jpg,TA_images/TA_potted plant_000000234470.jpg
TA_keyboard_000000081661.jpg,000000081661.jpg,TA_images/TA_keyboard_000000081661.jpg
TA_laptop_000000049006.jpg,000000049006.jpg,TA_images/TA_laptop_000000049006.jpg
TA_toilet_000000511241.jpg,000000511241.jpg,TA_images/TA_toilet_000000511241.jpg
TA_stop sign_000000532085.jpg,000000532085.jpg,TA_images/TA_stop sign_000000532085.jpg
TA_sink_000000344488.jpg,000000344488.jpg,TA_images/TA_sink_000000344488.jpg
TA_sink_000000232287.jpg,000000232287.jpg,TA_images/TA_sink_000000232287.jpg
TA_tv_000000411727.jpg,000000411727.jpg,TA_images/TA_tv_000000411727.jpg
TA_oven_000000071914.jpg,000000071914.jpg,TA_images/TA_oven_000000071914.jpg
TA_tv_000000498665.jpg,000000498665.jpg,TA_images/TA_tv_000000498665.jpg
